-- --------------------------------------------------------
-- 主機:                           127.0.0.1
-- 伺服器版本:                        5.7.8-rc-log - MySQL Community Server (GPL)
-- 伺服器操作系統:                      Win64
-- HeidiSQL 版本:                  9.5.0.5196
-- --------------------------------------------------------

/*!40101 SET @OLD_CHARACTER_SET_CLIENT=@@CHARACTER_SET_CLIENT */;
/*!40101 SET NAMES utf8 */;
/*!50503 SET NAMES utf8mb4 */;
/*!40014 SET @OLD_FOREIGN_KEY_CHECKS=@@FOREIGN_KEY_CHECKS, FOREIGN_KEY_CHECKS=0 */;
/*!40101 SET @OLD_SQL_MODE=@@SQL_MODE, SQL_MODE='NO_AUTO_VALUE_ON_ZERO' */;


-- 傾印 bread 的資料庫結構
CREATE DATABASE IF NOT EXISTS `bread` /*!40100 DEFAULT CHARACTER SET utf8 */;
USE `bread`;

-- 傾印  表格 bread.customer 結構
CREATE TABLE IF NOT EXISTS `customer` (
  `C_Id` int(11) NOT NULL AUTO_INCREMENT,
  `C_Name` varchar(50) NOT NULL,
  `Recency` double NOT NULL DEFAULT '0',
  `Frequency` double NOT NULL DEFAULT '0',
  `Monetary` double NOT NULL DEFAULT '0',
  `Rgrp` varchar(50) NOT NULL DEFAULT '',
  `Fgrp` varchar(20) NOT NULL DEFAULT '',
  `Mgrp` varchar(20) NOT NULL DEFAULT '',
  `Rfmgrp` varchar(20) NOT NULL DEFAULT '',
  `Buy_Date` varchar(50) NOT NULL,
  `Lastbuy_Date` varchar(50) NOT NULL,
  `Firstbuy_Date` varchar(50) NOT NULL,
  `Buytimes` int(11) NOT NULL DEFAULT '0',
  `Beforetotalmoney` double NOT NULL DEFAULT '0',
  `Thistimetotalmoney` double NOT NULL DEFAULT '0',
  `Response_Rate` double NOT NULL DEFAULT '0',
  `Promoting_Times` int(11) NOT NULL DEFAULT '0',
  `Response_Times` int(11) NOT NULL DEFAULT '0',
  `Promoting` varchar(50) NOT NULL DEFAULT '0',
  `Gender` varchar(50) NOT NULL,
  `TEL` varchar(50) NOT NULL,
  PRIMARY KEY (`C_Id`)
) ENGINE=InnoDB AUTO_INCREMENT=50 DEFAULT CHARSET=utf8;

-- 正在傾印表格  bread.customer 的資料：~29 rows (大約)
/*!40000 ALTER TABLE `customer` DISABLE KEYS */;
INSERT INTO `customer` (`C_Id`, `C_Name`, `Recency`, `Frequency`, `Monetary`, `Rgrp`, `Fgrp`, `Mgrp`, `Rfmgrp`, `Buy_Date`, `Lastbuy_Date`, `Firstbuy_Date`, `Buytimes`, `Beforetotalmoney`, `Thistimetotalmoney`, `Response_Rate`, `Promoting_Times`, `Response_Times`, `Promoting`, `Gender`, `TEL`) VALUES
	(1, 'Andy', -233, -20.87, -3913.04, '1', '2', '2', '122', '2018-02-10', '2018-10-01', '2018-03-05', 15, 1000, 2000, 75, 8, 6, '1', 'male', '0911111111'),
	(2, 'Gray', 5, 1.34, 1856.44, '2', '2', '1', '221', '2018-12-10', '2018-12-05', '2018-05-22', 8, 10500, 2000, 75, 9, 12, '0', 'female', '0922222222'),
	(3, 'Jack', 42, 0.72, 745.35, '2', '2', '2', '222', '2019-01-23', '2018-12-12', '2017-11-30', 9, 9660, 750, 50, 16, 8, '0', 'male', '0933333333'),
	(4, 'James', -289, -0.94, -289.29, '1', '2', '2', '122', '2018-01-20', '2018-11-05', '2018-09-01', 6, 1800, 360, 33.3, 3, 1, '1', 'female', '0944444444'),
	(5, 'Jassica', 380, 0.21, 343.2, '2', '2', '2', '222', '2019-01-20', '2018-01-05', '2016-05-02', 6, 11000, 360, 12.5, 1, 8, '1', 'male', '0955555555'),
	(6, 'Jennifer', 0, 0.54, 314.77, '1', '1', '2', '112', '2019-01-10', '2019-01-10', '2017-12-20', 6, 3950, 100, 66.7, 9, 6, '0', 'female', '0966666666'),
	(7, 'Jimmy', -365, -1.3, -281.03, '1', '2', '2', '122', '2018-01-10', '2019-01-10', '2018-09-20', 10, 2010, 360, 50, 2, 1, '0', 'female', '0977777777'),
	(8, 'Kevin', -314, -1.98, -826.89, '1', '2', '2', '122', '2018-01-21', '2018-12-01', '2018-07-07', 10, 4243, 360, 75, 8, 6, '1', 'male', '0988888888'),
	(9, 'Louis', 2, 2.2, 454.78, '1', '1', '2', '112', '2019-01-22', '2019-01-20', '2018-03-14', 22, 4400, 360, 75, 12, 9, '1', 'female', '0999999999'),
	(10, 'Lucy', 1, 2.41, 4399.3, '1', '1', '2', '112', '2019-01-23', '2019-01-22', '2018-04-12', 22, 41410, 530, 60, 5, 3, '1', 'male', '0911111222'),
	(11, 'Nami', 5, 2.5, 259.38, '2', '1', '2', '212', '2018-12-15', '2018-12-10', '2018-06-06', 15, 1560, 100, 60, 9, 15, '1', 'female', '0911222333'),
	(12, 'Natasha', 73, 1.17, 137.81, '2', '2', '1', '221', '2018-10-11', '2018-07-30', '2018-01-01', 10, 1200, 100, 10, 10, 1, '0', 'male', '0911333444'),
	(13, 'Outsider', 78, 0.93, 708.47, '2', '2', '1', '221', '2019-01-20', '2018-11-03', '2018-01-31', 10, 8000, 360, 75, 8, 6, '0', 'male', '0911444555'),
	(14, 'Robin', 0, 4.9, 3276.92, '1', '1', '2', '112', '2019-01-22', '2019-01-22', '2018-10-10', 16, 11060, 300, 50, 8, 4, '1', 'male', '0911555666'),
	(15, 'Rocker', 26, 1.17, 480, '2', '2', '1', '221', '2019-01-10', '2018-12-15', '2018-01-15', 13, 5400, 360, 30, 10, 3, '1', 'male', '0911666777'),
	(16, 'Sam', 0, 5.23, 1655.96, '1', '1', '1', '111', '2019-01-22', '2019-01-22', '2018-03-01', 56, 17900, 150, 33.3, 24, 8, '1', 'male', '0911777888'),
	(17, 'Span', 29, 0.38, 159.72, '2', '2', '2', '222', '2018-02-10', '2018-01-12', '2015-09-30', 10, 2600, 2000, 16.7, 6, 1, '1', 'female', '0911888999'),
	(18, 'Stanley', 10, 0.52, 154.02, '2', '2', '2', '222', '2018-11-11', '2018-11-01', '2017-02-14', 10, 3000, 260, 30, 10, 3, '1', 'female', '0922111111'),
	(19, 'Tyson', 19, 1.65, 494.51, '2', '1', '2', '212', '2018-12-08', '2018-11-19', '2018-09-08', 4, 1200, 300, 25, 4, 1, '1', 'female', '0922222222'),
	(20, 'Zoro', 381, 2.94, 1151.44, '2', '1', '2', '212', '2019-01-24', '2018-01-08', '2018-07-14', 18, 7443, 3, 80, 5, 4, '0', 'female', '0922333333'),
	(27, 'Gabriel', 737480, 5, 375, '2', '1', '2', '212', '2019-01-22', '0000-00-00', '2019-01-10', 1, 0, 150, 0, 0, 0, '0', 'male', '0922444444'),
	(32, 'Lin', 0, 40, 8175, '1', '1', '1', '111', '2019-01-22', '2019-01-22', '2019-01-10', 15, 3120, 150, 0, 0, 0, '0', 'male', '0922555555'),
	(33, 'Jean', 737480, 30, 8100, '2', '1', '1', '211', '2019-01-22', '0000-00-00', '2019-01-20', 1, 0, 540, 0, 0, 0, '0', 'male', '0922666666'),
	(34, 'JJ', 1, -0.85, -849.06, '1', '2', '1', '121', '2019-01-22', '2019-01-21', '2019-05-08', 2, 1500, 1500, 0, 0, 0, '0', 'male', '0922777777'),
	(35, 'Koala', 0, 0, 0, '1', '2', '1', '121', '0000-00-00', '0000-00-00', '2019-01-21', 0, 0, 0, 0, 0, 0, '0', 'female', '0922888888'),
	(36, 'Amanda', 0, 12.5, 3525, '1', '1', '1', '111', '2019-01-22', '2019-01-22', '2019-01-10', 4, 660, 750, 0, 0, 0, '0', 'male', '0922999999'),
	(37, 'Bull', 0, 9.223372036854776e16, 9.223372036854776e16, '1', '1', '1', '111', '2019-01-23', '2019-01-23', '2019-01-23', 2, 540, 540, 0, 0, 0, '0', 'male', '0922111222'),
	(38, 'Ox', 0, 0, 0, '1', '2', '1', '121', '0000-00-00', '0000-00-00', '2019-01-22', 0, 0, 0, 0, 0, 0, '0', 'null', '0922222333'),
	(39, 'Jumbo', 6, 170, 68400, '2', '1', '1', '211', '2019-01-28', '2019-01-22', '2019-01-22', 33, 13580, 100, 0, 0, 0, '0', 'male', '0922333444'),
	(40, 'Peter', 737480, 9.223372036854776e16, 9.223372036854776e16, '2', '1', '1', '211', '2019-01-22', '0000-00-00', '2019-01-22', 1, 0, 1500, 0, 0, 0, '0', 'female', '0922444555'),
	(41, 'Zebra', 0, 0, 0, '1', '2', '1', '121', '0000-00-00', '0000-00-00', '2019-01-22', 0, 0, 0, 0, 0, 0, '0', 'male', '0922555666'),
	(42, 'Annies', 737481, 9.223372036854776e16, 9.223372036854776e16, '2', '1', '1', '211', '2019-01-23', '0000-00-00', '2019-01-23', 1, 0, 1500, 0, 0, 0, '0', 'female', '0968681682');
/*!40000 ALTER TABLE `customer` ENABLE KEYS */;

-- 傾印  表格 bread.inventory 結構
CREATE TABLE IF NOT EXISTS `inventory` (
  `inventory_id` int(11) DEFAULT NULL,
  `Date` date DEFAULT NULL,
  `purchase_amount` int(11) DEFAULT NULL,
  `used_amount` int(11) DEFAULT NULL,
  `inventory_amount` int(11) DEFAULT NULL
) ENGINE=InnoDB DEFAULT CHARSET=utf8;

-- 正在傾印表格  bread.inventory 的資料：~25 rows (大約)
/*!40000 ALTER TABLE `inventory` DISABLE KEYS */;
INSERT INTO `inventory` (`inventory_id`, `Date`, `purchase_amount`, `used_amount`, `inventory_amount`) VALUES
	(101, '2019-01-05', 30, 0, 30),
	(101, '2019-01-10', 0, 10, 20),
	(101, '2019-01-08', 20, 0, 30),
	(101, '2019-01-06', 0, 30, 0),
	(101, '2019-01-07', 10, 0, 10),
	(102, '2019-01-05', 10, 0, 10),
	(102, '2019-01-06', 30, 0, 45),
	(102, '2019-01-05', 5, 0, 15),
	(102, '2019-01-09', 0, 15, 30),
	(103, '2019-01-07', 50, 0, 50),
	(103, '2019-01-09', 20, 0, 70),
	(103, '2019-01-09', 0, 10, 60),
	(110, '2019-01-09', 15, 0, 35),
	(110, '2019-01-08', 0, 5, 10),
	(110, '2019-01-08', 10, 0, 20),
	(110, '2019-01-07', 15, 0, 15),
	(200, '2019-01-09', 12, 0, 32),
	(200, '2019-01-05', 35, 0, 35),
	(200, '2019-01-06', 0, 15, 20),
	(200, '2019-01-09', 0, 5, 27),
	(111, '2019-01-05', 15, 0, 15),
	(111, '2019-01-07', 0, 7, 8),
	(111, '2019-01-09', 10, 0, 18),
	(110, '2019-01-15', 5, 0, 40),
	(101, '2019-01-15', 5, 0, 0),
	(101, '2019-01-15', 0, 5, 0);
/*!40000 ALTER TABLE `inventory` ENABLE KEYS */;

-- 傾印  表格 bread.order 結構
CREATE TABLE IF NOT EXISTS `order` (
  `Order_id` int(11) NOT NULL AUTO_INCREMENT,
  `Customer_id` int(11) NOT NULL,
  `Date` varchar(50) NOT NULL,
  `A_amount` int(11) NOT NULL,
  `B_amount` int(11) NOT NULL,
  `C_amount` int(11) NOT NULL,
  `Totalmoney` double NOT NULL,
  `Profit` double NOT NULL DEFAULT '0',
  `Deliver_Date` varchar(50) NOT NULL,
  KEY `pk` (`Order_id`)
) ENGINE=InnoDB AUTO_INCREMENT=20 DEFAULT CHARSET=utf8;

-- 正在傾印表格  bread.order 的資料：~15 rows (大約)
/*!40000 ALTER TABLE `order` DISABLE KEYS */;
INSERT INTO `order` (`Order_id`, `Customer_id`, `Date`, `A_amount`, `B_amount`, `C_amount`, `Totalmoney`, `Profit`, `Deliver_Date`) VALUES
	(1, 1, '2019-01-08', 3, 2, 1, 240, 120, '2019-01-12'),
	(2, 2, '2019-01-09', 5, 5, 4, 670, 335, '2019-01-14'),
	(3, 3, '2019-01-10', 3, 0, 0, 60, 30, '2019-01-15'),
	(4, 4, '2019-01-11', 1, 4, 1, 300, 150, '2019-01-13'),
	(5, 5, '2019-01-11', 10, 10, 10, 1500, 750, '2019-01-16'),
	(6, 6, '2019-01-12', 1, 3, 0, 170, 85, '2019-01-17'),
	(7, 7, '2019-01-14', 3, 2, 1, 240, 120, '2019-01-19'),
	(8, 8, '2019-01-15', 2, 3, 3, 430, 215, '2019-01-19'),
	(9, 9, '2019-01-15', 1, 7, 11, 1250, 625, '2019-01-29'),
	(10, 10, '2019-01-20', 4, 2, 4, 500, 250, '2019-01-25'),
	(11, 10, '2019-01-27', 3, 0, 9, 780, 390, '2019-01-31'),
	(12, 12, '2019-01-25', 0, 1, 5, 450, 225, '2019-01-31'),
	(13, 13, '2019-01-28', 4, 0, 2, 220, 110, '2019-01-30'),
	(14, 14, '2019-02-01', 15, 5, 10, 1350, 675, '2019-01-28'),
	(15, 15, '2019-01-31', 5, 5, 5, 750, 375, '2019-01-18'),
	(16, 3, '2019-01-23', 5, 5, 5, 750, 0, '2019-04-04'),
	(17, 37, '2019-01-23', 5, 4, 3, 540, 0, '2020-05-22'),
	(18, 37, '2019-01-23', 5, 4, 3, 540, 0, '2020-05-22'),
	(19, 42, '2019-01-23', 10, 10, 10, 1500, 0, '2019-05-01');
/*!40000 ALTER TABLE `order` ENABLE KEYS */;

/*!40101 SET SQL_MODE=IFNULL(@OLD_SQL_MODE, '') */;
/*!40014 SET FOREIGN_KEY_CHECKS=IF(@OLD_FOREIGN_KEY_CHECKS IS NULL, 1, @OLD_FOREIGN_KEY_CHECKS) */;
/*!40101 SET CHARACTER_SET_CLIENT=@OLD_CHARACTER_SET_CLIENT */;
